1.21,1,17,50,0
2.21,0,52,45,0
3.21,1,26,40,0
4.21,0,47,35,0
5.21,0,57,30,0
6.21,0,28,25,0
7.22,0,53,20,0
8.22,0,64,15,0
9.22,0,77,10,0
10.22,0,14,5,0
11.22,0,66,0,0
12.22,0,14,0,0
13.22,0,47,0,0
14.22,0,59,0,0
15.22,0,49,0,0
16.23,0,38,0,0
17.23,0,53,0,1
18.23,0,26,0,1
19.23,0,78,0,1
20.23,0,93,0,1
21.23,0,26,0,1
22.23,0,100,0,1
23.23,0,20,0,1
24.23,0,54,0,1
25.23,0,93,0,1
26.24,0,3,0,1
27.24,0,85,0,1
28.24,0,35,0,1
29.24,0,98,0,1
30.24,0,91,0,1
31.24,0,43,0,1
32.24,0,38,0,1
33.24,0,40,0,1
34.24,0,86,0,2
35.24,0,63,0,2
36.25,0,51,0,2
37.25,0,32,0,2
38.25,0,31,0,2
39.25,0,57,0,2
40.25,0,66,0,2
41.25,0,52,0,2
42.25,0,1,0,2
43.25,0,30,0,2
44.25,0,43,0,2
45.25,0,59,0,2
46.26,0,82,0,2
47.26,0,47,0,2
48.26,0,19,5,5
49.26,0,17,0,5
50.26,0,24,0,5
51.26,0,70,0,5
52.26,0,66,0,5
53.26,0,66,0,5
54.26,0,46,0,5
55.27,0,13,0,5
56.27,0,5,0,5
57.27,0,62,0,5
58.27,0,98,0,5
59.27,0,28,0,5
60.27,0,31,0,5
61.27,0,89,0,5
62.27,0,95,0,5
63.27,0,16,0,5
64.27,0,6,0,5
65.28,0,44,0,5
66.28,0,99,0,5
67.28,0,65,0,5
68.28,0,19,0,5
69.28,0,64,0,5
70.28,0,51,0,5
71.28,0,87,0,5
72.28,0,15,0,5
73.29,0,52,0,5
74.29,0,61,0,5
75.29,0,18,0,5
76.29,0,17,0,5
77.29,0,67,0,5
78.29,0,36,0,5
79.29,0,86,0,5
80.29,0,80,0,5
81.29,0,30,0,5
82.29,0,10,0,5
83.3,0,28,0,5
84.3,1,0,0,5
85.3,0,87,0,5
86.3,0,85,0,5
87.3,0,42,0,5
88.3,0,47,0,5
89.3,0,24,0,5
90.3,0,72,0,5
91.3,0,12,0,5
92.3,0,10,0,5
93.31,0,12,0,5
94.31,0,98,0,5
95.31,0,71,0,5
96.31,0,87,0,5
97.31,0,4,0,5
98.31,0,46,0,5
99.31,0,29,0,5
100.31,0,45,0,5
101.31,0,34,0,5
102.31,0,10,0,5
103.32,0,83,0,5
104.32,0,40,0,5
105.32,0,5,0,5
106.32,0,34,0,5
107.32,0,43,0,5
108.32,0,12,0,5
109.32,0,44,0,5
110.32,0,7,0,5
111.33,0,85,0,5
112.33,0,62,0,5
113.33,0,34,0,5
114.33,0,32,0,5
115.33,0,18,0,5
116.33,0,49,0,5
117.33,0,7,0,5
118.33,0,27,0,5
119.33,0,47,0,5
120.33,0,20,0,5
121.34,0,35,0,5
122.34,0,43,0,5
123.34,0,59,0,5
124.34,0,56,0,5
125.34,0,45,0,5
126.34,0,82,0,5
127.34,0,83,0,5
128.34,1,0,0,5
129.34,0,71,0,5
130.35,0,69,0,5
131.35,0,52,0,5
132.35,0,94,0,5
133.35,0,80,0,5
134.35,0,16,0,5
135.35,0,62,0,5
136.35,0,15,0,5
137.35,0,40,0,5
138.35,0,59,0,5
139.36,0,93,0,5
140.36,0,13,0,5
141.36,0,26,0,5
142.36,0,9,0,5
143.36,0,95,0,5
144.36,0,22,0,5
145.36,0,29,0,5
146.36,0,36,0,5
147.37,0,75,0,5
148.37,0,2,0,5
149.37,0,40,0,5
150.37,0,15,0,5
151.37,0,12,0,5
152.37,0,100,0,5
153.37,0,96,0,5
154.37,0,42,0,5
155.37,0,48,0,5
156.37,0,9,0,5
157.38,0,73,0,5
158.38,0,94,0,5
159.38,0,87,0,5
160.38,0,47,0,5
161.38,0,49,0,5
162.38,0,65,0,5
163.38,0,2,0,5
164.38,0,51,0,5
165.39,0,78,0,5
166.39,0,98,0,5
167.39,0,3,0,5
168.39,0,75,0,5
169.39,0,86,0,5
170.39,0,57,0,5
171.39,0,76,0,5
172.39,0,4,0,5
173.39,0,21,0,5
174.39,0,42,0,5
175.4,0,93,0,5
176.4,0,8,0,5
177.4,0,23,0,5
178.4,0,47,0,5
179.4,0,83,0,5
180.4,0,87,0,5
181.4,0,61,0,5
182.4,0,24,0,5
183.4,0,68,0,5
184.41,0,73,0,5
185.41,0,7,0,5
186.41,0,67,0,5
187.41,0,33,0,5
188.41,0,87,0,5
189.41,0,5,0,5
190.41,0,53,0,5
191.41,0,67,0,5
192.41,0,95,0,5
193.42,0,42,0,5
194.42,0,34,0,5
195.42,0,75,0,5
196.42,0,55,0,5
197.42,0,9,0,5
198.42,0,10,0,5
199.42,0,69,0,5
200.42,0,28,0,5
201.42,0,60,0,5
202.42,0,62,0,5
203.43,0,37,0,5
204.43,0,93,0,5
205.43,0,19,0,5
206.43,0,31,0,5
207.43,0,12,0,5
208.43,0,12,0,5
209.43,0,48,0,5
210.43,0,16,0,5
211.43,0,76,0,5
212.44,0,85,0,5
213.44,0,13,0,5
214.44,0,60,0,5
215.44,0,81,0,5
216.44,0,16,0,5
217.44,0,14,0,5
218.44,0,43,0,5
219.44,0,98,0,5
220.44,0,26,0,5
221.44,0,62,0,5
222.44,0,96,0,5
223.44,0,71,0,5
224.45,0,75,0,5
225.45,0,98,0,5
226.45,0,81,0,5
227.45,0,99,0,5
228.45,0,8,0,5
229.45,0,50,0,5
230.45,0,63,0,5
231.45,0,50,0,5
232.45,0,90,0,5
233.45,0,96,0,5
234.46,0,69,0,5
235.46,0,70,0,5
236.46,0,61,0,5
237.46,0,29,0,5
238.46,0,73,0,5
239.46,0,12,0,5
240.46,0,64,0,5
241.46,0,17,0,5
242.46,0,1,0,5
243.47,0,47,0,5
244.47,0,44,0,5
245.47,0,83,0,5
246.47,0,65,0,5
247.47,0,3,0,5
248.47,0,61,0,5
249.47,0,36,0,5
250.47,0,99,0,5
251.47,0,41,0,5
252.47,0,48,0,5
253.48,0,27,0,5
254.48,0,46,0,5
255.48,0,39,0,5
256.48,0,9,0,5
257.48,0,97,0,5
258.48,0,38,0,5
259.48,0,81,0,5
260.48,0,81,0,5
261.48,0,94,0,5
262.48,1,0,0,5
263.48,0,74,0,5
264.49,0,75,0,5
265.49,0,11,0,5
266.49,0,95,0,5
267.49,0,58,0,5
268.49,0,66,0,5
269.49,0,98,0,5
270.49,0,11,0,5
271.49,0,98,0,5
272.49,0,10,0,5
273.5,0,25,0,5
274.5,0,84,0,5
275.5,0,32,0,5
276.5,0,24,0,5
277.5,0,79,0,5
278.5,0,12,0,5
279.5,0,95,0,5
280.5,0,81,0,5
281.5,0,60,0,5
282.5,0,26,0,5
283.51,0,24,0,5
284.51,0,59,0,5
285.51,0,21,0,5
286.51,0,93,0,5
287.51,0,2,0,5
288.51,0,25,0,5
289.51,0,95,0,5
290.51,0,70,0,5
291.51,0,67,0,5
292.51,0,98,0,5
293.51,0,42,0,5
294.52,0,30,0,5
295.52,0,51,0,5
296.52,1,0,0,5
297.52,0,99,0,5
298.52,0,53,0,5
299.52,0,95,0,5
300.52,0,75,0,5
301.52,0,2,0,5
302.52,0,61,0,5
303.53,0,31,0,5
304.53,0,33,0,5
305.53,0,59,0,5
306.53,0,66,0,5
307.53,0,97,0,5
308.53,0,87,0,5
309.53,0,68,0,5
310.53,0,52,0,5
311.53,0,82,0,5
312.53,0,85,0,5
313.54,0,63,0,5
314.54,0,87,0,5
315.54,0,35,0,5
316.54,0,1,0,5
317.54,0,47,0,5
318.54,0,33,0,5
319.54,0,55,0,5
320.54,0,85,0,5
321.54,0,19,0,5
322.54,0,69,0,5
323.54,0,54,0,5
324.54,0,61,0,5
325.55,0,80,0,5
326.55,0,74,0,5
327.55,0,36,0,5
328.55,0,21,0,5
329.55,0,83,0,5
330.55,0,22,0,5
331.55,0,42,0,5
332.55,0,28,0,5
333.55,0,80,0,5
334.56,0,26,0,5
335.56,0,100,0,5
336.56,0,100,0,5
337.56,0,38,0,5
338.56,0,12,0,5
339.56,0,7,0,5
340.56,0,14,0,5
341.56,0,32,0,5
342.56,0,49,0,5
343.56,0,27,0,5
344.57,0,23,0,5
345.57,0,11,0,5
346.57,0,82,0,5
347.57,0,53,0,5
348.57,0,23,0,5
349.57,0,46,0,5
350.57,0,84,0,5
351.57,0,6,0,5
352.57,0,23,0,5
353.58,0,46,0,5
354.58,0,100,0,5
355.58,0,7,0,5
356.58,0,43,0,5
357.58,0,22,0,5
358.58,0,30,0,5
359.58,0,84,0,5
360.58,0,12,0,5
361.58,0,95,0,5
362.59,0,14,0,5
363.59,0,64,0,5
364.59,0,47,0,5
365.59,0,18,0,5
366.59,0,34,0,5
367.59,0,32,0,5
368.59,0,67,0,5
369.59,0,11,0,5
370.59,0,23,0,5
371.59,0,30,0,5
372.6,0,36,0,5
373.6,0,42,0,5
374.6,0,72,0,5
375.6,0,52,0,5
376.6,0,6,0,5
377.6,0,24,0,5
378.6,0,81,0,5
379.6,0,94,0,5
380.6,0,97,0,5
381.61,0,19,0,5
382.61,0,30,0,5
383.61,0,62,0,5
384.61,0,14,0,5
385.61,0,18,0,5
386.61,0,87,0,5
387.61,0,11,0,5
388.61,0,71,0,5
389.61,0,95,0,5
390.61,0,33,0,5
391.62,0,13,0,5
392.62,0,12,0,5
393.62,0,5,0,5
394.62,0,81,0,5
395.62,0,12,0,5
396.62,0,24,0,5
397.62,0,26,0,5
398.62,0,21,0,5
399.62,0,5,0,5
400.63,0,22,0,5
401.63,0,23,0,5
402.63,0,86,0,5
403.63,0,4,0,5
404.63,0,27,0,5
405.63,1,0,0,5
406.63,0,50,0,5
407.63,0,14,0,5
408.63,0,19,0,5
409.64,0,60,0,5
410.64,0,35,0,5
411.64,0,38,0,5
412.64,0,90,0,5
413.64,0,74,0,5
414.64,0,15,0,5
415.64,0,18,0,5
416.64,0,20,0,5
417.64,0,84,0,5
418.64,0,96,0,5
419.65,0,26,0,5
420.65,0,27,0,5
421.65,0,27,0,5
422.65,0,22,0,5
423.65,0,89,0,5
424.65,0,15,0,5
425.65,0,29,0,5
426.65,0,52,0,5
427.65,0,27,0,5
428.65,0,14,0,5
429.65,0,57,0,5
430.66,0,21,0,5
431.66,0,30,0,5
432.66,0,15,0,5
433.66,0,41,0,5
434.66,0,93,0,5
435.66,0,32,0,5
436.66,0,46,0,5
437.66,0,71,0,5
438.66,0,45,0,5
439.66,0,68,0,5
440.67,0,42,0,5
441.67,0,48,0,5
442.67,0,94,0,5
443.67,0,57,0,5
444.67,0,97,0,5
445.67,0,29,0,5
446.67,0,47,0,5
447.67,0,13,0,5
448.67,0,69,0,5
449.68,0,78,0,5
450.68,1,0,0,5
451.68,0,12,0,5
452.68,0,70,0,5
453.68,0,68,0,5
454.68,0,73,0,5
455.68,0,93,0,5
456.68,0,72,0,5
457.68,0,39,0,5
458.68,0,9,0,5
459.69,0,50,0,5
460.69,0,83,0,5
461.69,0,31,0,5
462.69,0,79,0,5
463.69,0,85,0,5
464.69,0,37,0,5
465.69,0,82,0,5
466.69,0,29,0,5
467.69,0,58,0,5
468.69,0,5,0,5
469.7,0,1,0,5
470.7,0,44,0,5
471.7,0,89,0,5
472.7,0,67,0,5
473.7,0,84,0,5
474.7,0,32,0,5
475.7,0,63,0,5
476.7,0,42,0,5
477.7,0,36,0,5
478.7,0,53,0,5
479.71,0,1,0,5
480.71,0,6,0,5
481.71,0,60,0,5
482.71,0,72,0,5
483.71,0,28,0,5
484.71,0,54,0,5
485.71,0,36,0,5
486.71,0,5,0,5
487.71,0,30,0,5
488.71,0,12,0,5
489.72,0,1,0,5
490.72,0,10,0,5
491.72,0,75,0,5
492.72,0,97,0,5
493.72,0,6,0,5
494.72,0,9,0,5
495.72,0,14,0,5
496.72,0,78,0,5
497.72,0,98,0,5
498.73,0,60,0,5
499.73,0,79,0,5
500.73,0,58,0,5
501.73,0,85,0,5
502.73,0,81,0,5
503.73,0,3,0,5
504.73,0,50,0,5
505.73,0,68,0,5
506.73,0,66,0,5
507.73,0,3,0,5
508.73,0,65,0,5
509.74,0,76,0,5
510.74,0,54,0,5
511.74,0,75,0,5
512.74,0,95,0,5
513.74,0,30,0,5
514.74,0,14,0,5
515.74,0,57,0,5
516.74,0,41,0,5
517.75,0,26,0,5
518.75,0,59,0,5
519.75,0,55,0,5
520.75,0,71,0,5
521.75,0,47,0,5
522.75,0,1,0,5
523.75,0,35,0,5
524.75,0,8,0,5
525.75,0,63,0,5
526.76,0,8,0,5
527.76,0,77,0,5
528.76,0,70,0,5
529.76,0,66,0,5
530.76,0,50,0,5
531.76,0,87,0,5
532.76,0,12,0,5
533.76,0,2,0,5
534.76,0,97,0,5
535.76,0,2,0,5
536.76,0,78,0,5
537.77,0,15,0,5
538.77,0,89,0,5
539.77,0,25,0,5
540.77,0,12,0,5
541.77,0,45,0,5
542.77,0,15,0,5
543.77,0,28,0,5
544.77,0,78,0,5
545.77,0,34,0,5
546.77,0,95,0,5
547.77,0,24,0,5
548.77,0,57,0,5
549.78,0,13,0,5
550.78,0,78,0,5
551.78,0,84,0,5
552.78,0,96,0,5
553.78,0,84,0,5
554.78,0,2,0,5
555.78,0,100,0,5
556.78,0,28,0,5
557.78,0,57,0,5
558.79,0,86,0,5
559.79,1,0,0,5
560.79,0,66,0,5
561.79,0,3,0,5
562.79,0,100,0,5
563.79,0,56,0,5
564.79,0,75,0,5
565.79,0,100,0,5
566.79,0,64,0,5
567.79,0,24,0,5
568.79,0,16,0,5
569.79,0,71,0,5
570.8,0,98,0,5
571.8,0,40,0,5
572.8,0,56,0,5
573.8,0,52,0,5
574.8,0,4,0,5
575.8,0,96,0,5
576.8,0,29,0,5
577.8,0,80,0,5
578.8,0,4,0,5
579.8,0,65,0,5
580.81,0,23,0,5
581.81,0,69,0,5
582.81,0,56,0,5
583.81,0,3,0,5
584.81,0,45,0,5
585.81,0,81,0,5
586.81,0,39,0,5
587.81,0,34,0,5
588.81,0,77,0,5
589.82,0,36,0,5
590.82,0,74,0,5
591.82,0,43,0,5
592.82,0,23,0,5
593.82,0,37,0,5
594.82,0,1,0,5
595.82,0,34,0,5
596.82,0,49,0,5
597.82,0,12,0,5
598.83,0,47,0,5
599.83,0,36,0,5
600.83,0,33,0,5
601.83,0,48,0,5
602.83,0,96,0,5
603.83,0,98,0,5
604.83,0,99,0,5
605.83,0,57,0,5
606.83,0,40,0,5
607.83,0,69,0,5
608.83,0,100,0,5
609.84,0,59,0,5
610.84,0,32,0,5
611.84,0,75,0,5
612.84,0,22,0,5
613.84,0,80,0,5
614.84,0,34,0,5
615.84,0,42,0,5
616.84,0,67,0,5
617.84,0,39,0,5
618.85,0,11,0,5
619.85,0,46,0,5
620.85,0,100,0,5
621.85,0,72,0,5
622.85,0,12,0,5
623.85,0,100,0,5
624.85,0,100,0,5
625.85,0,7,0,5
626.85,0,40,0,5
627.85,0,81,0,5
628.86,0,95,0,5
629.86,0,38,0,5
630.86,0,35,0,5
631.86,0,69,0,5
632.86,0,94,0,5
633.86,0,41,0,5
634.86,0,84,0,5
635.86,0,87,0,5
636.87,1,0,0,5
637.87,0,31,0,5
638.87,0,19,0,5
639.87,0,11,0,5
640.87,0,56,0,5
641.87,0,68,0,5
642.87,0,98,0,5
643.87,0,8,0,5
644.87,0,47,0,5
645.88,0,78,0,5
646.88,0,91,0,5
647.88,0,34,0,5
648.88,0,1,0,5
649.88,0,19,0,5
650.88,0,12,0,5
651.88,0,22,0,5
652.88,1,0,0,5
653.88,0,36,0,5
654.89,0,26,0,5
655.89,0,85,0,5
656.89,0,1,0,5
657.89,0,87,0,5
658.89,0,2,0,5
659.89,0,1,0,5
660.89,0,72,0,5
661.89,0,75,0,5
662.89,0,93,0,5
663.9,0,36,0,5
664.9,0,95,0,5
665.9,0,39,0,5
666.9,0,86,0,5
667.9,0,41,0,5
668.9,0,62,0,5
669.9,0,62,0,5
670.9,0,87,0,5
671.9,0,8,0,5
672.9,0,29,0,5
673.91,0,46,0,5
674.91,0,9,0,5
675.91,0,27,0,5
676.91,0,90,0,5
677.91,0,79,0,5
678.91,0,38,0,5
679.91,0,53,0,5
680.91,0,15,0,5
681.91,1,0,0,5
682.91,0,40,0,5
683.91,0,49,0,5
684.92,0,83,0,5
685.92,0,49,0,5
686.92,0,89,0,5
687.92,0,35,0,5
688.92,0,50,0,5
689.92,0,51,0,5
690.92,0,18,0,5
691.92,0,67,0,5
692.93,0,13,0,5
693.93,0,31,0,5
694.93,0,59,0,5
695.93,0,44,0,5
696.93,0,75,0,5
697.93,0,92,0,5
698.93,0,72,0,5
699.93,0,39,0,5
700.93,0,82,0,5
701.94,0,7,0,5
702.94,0,86,0,5
703.94,0,84,0,5
704.94,0,72,0,5
705.94,0,27,0,5
706.94,0,37,0,5
707.94,0,56,0,5
708.94,0,16,0,5
709.94,0,52,0,5
710.95,0,60,0,5
711.95,0,36,0,5
712.95,0,68,0,5
713.95,0,79,0,5
714.95,0,6,0,5
715.95,0,75,0,5
716.95,0,6,0,5
717.95,0,57,0,5
718.95,0,5,0,5
719.95,0,12,0,5
720.96,0,94,0,5
721.96,0,67,0,5
722.96,0,29,0,5
723.96,0,27,0,5
724.96,0,46,0,5
725.96,0,57,0,5
726.96,0,63,0,5
727.96,0,37,0,5
728.96,0,29,0,5
729.96,0,59,0,5
730.97,0,57,0,5
731.97,0,100,0,5
732.97,0,31,0,5
733.97,0,14,0,5
734.97,0,49,0,5
735.97,0,98,0,5
736.97,0,13,0,5
737.97,0,84,0,5
738.97,0,94,0,5
739.98,0,11,0,5
740.98,0,2,0,5
741.98,0,81,0,5
742.98,0,32,0,5
743.98,0,26,0,5
744.98,0,86,0,5
745.98,0,85,0,5
746.98,0,49,0,5
747.98,0,5,0,5
748.98,0,41,0,5
749.99,0,63,0,5
750.99,0,46,0,5
751.99,0,14,0,5
752.99,0,58,0,5
753.99,0,42,0,5
754.99,0,11,0,5
755.99,0,9,0,5
756.99,0,44,0,5
757.99,0,41,0,5
759.0,0,59,0,5
760.0,0,40,0,5
761.0,0,34,0,5
762.0,0,30,0,5
763.0,0,9,0,5
764.0,0,87,0,5
765.0,0,67,0,5
766.0,0,99,0,5
767.0,0,64,0,5
768.0,0,59,0,5
769.01,0,66,0,5
770.01,0,63,0,5
771.01,0,90,0,5
772.01,0,9,0,5
773.01,0,20,0,5
774.01,0,71,0,5
775.01,0,94,0,5
776.01,0,85,0,5
777.01,0,26,0,5
778.01,0,30,0,5
779.01,0,87,0,5
780.02,0,1,0,5
781.02,0,8,0,5
782.02,0,32,0,5
783.02,0,26,0,5
784.02,0,43,0,5
785.02,0,67,0,5
786.02,0,2,0,5
787.02,0,55,0,5
788.02,0,60,0,5
789.02,0,53,0,5
790.03,0,70,0,5
791.03,0,24,0,5
792.03,0,68,0,5
793.03,0,35,0,5
794.03,0,30,0,5
795.03,0,96,0,5
796.03,0,76,0,5
797.03,0,87,0,5
798.03,0,9,0,5
799.04,0,90,0,5
800.04,0,12,0,5
801.04,0,100,0,5
802.04,0,55,0,5
803.04,0,93,0,5
804.04,0,8,0,5
805.04,0,35,0,5
806.04,0,59,0,5
807.04,0,91,0,5
808.05,0,69,0,5
809.05,0,43,0,5
810.05,0,26,0,5
811.05,0,50,0,5
812.05,0,57,0,5
813.05,0,91,0,5
814.05,0,64,0,5
815.05,0,68,0,5
816.05,0,34,0,5
817.06,0,100,0,5
818.06,0,65,0,5
819.06,0,78,0,5
820.06,0,8,0,5
821.06,0,57,0,5
822.06,0,28,0,5
823.06,0,24,0,5
824.06,0,70,0,5
825.07,0,99,0,5
826.07,0,58,0,5
827.07,0,41,0,5
828.07,0,61,0,5
829.07,0,25,0,5
830.07,0,40,0,5
831.07,0,77,0,5
832.07,0,100,0,5
833.07,0,37,0,5
834.08,0,26,0,5
835.08,0,80,0,5
836.08,0,3,0,5
837.08,0,59,0,5
838.08,0,60,0,5
839.08,0,34,0,5
840.08,0,45,0,5
841.08,0,95,0,5
842.08,0,34,0,5
843.09,0,84,0,5
844.09,0,69,0,5
845.09,0,2,0,5
846.09,0,41,0,5
847.09,0,15,0,5
848.09,0,88,0,5
849.09,0,96,0,5
850.09,0,59,0,5
851.09,0,52,0,5
852.1,0,97,0,5
853.1,0,48,0,5
854.1,0,96,0,5
855.1,0,98,0,5
856.1,0,86,0,5
857.1,0,97,0,5
858.1,0,2,0,5
859.1,0,96,0,5
860.1,0,65,0,5
861.1,0,73,0,5
862.11,0,52,0,5
863.11,0,21,0,5
864.11,0,30,0,5
865.11,0,96,0,5
866.11,0,89,0,5
867.11,0,7,0,5
868.11,0,2,0,5
869.11,0,98,0,5
870.11,0,72,0,5
871.11,0,64,0,5
872.12,0,3,0,5
873.12,0,15,0,5
874.12,0,62,0,5
875.12,0,2,0,5
876.12,0,2,0,5
877.12,0,79,0,5
878.12,0,44,0,5
879.12,0,30,0,5
880.13,0,4,0,5
881.13,0,32,0,5
882.13,0,82,0,5
883.13,0,53,0,5
884.13,0,99,0,5
885.13,0,51,0,5
886.13,0,65,0,5
887.13,0,66,0,5
888.13,0,30,0,5
889.13,0,77,0,5
890.13,0,79,0,5
891.13,0,40,0,5
892.14,0,89,0,5
893.14,0,70,0,5
894.14,0,55,0,5
895.14,0,3,0,5
896.14,0,23,0,5
897.14,0,66,0,5
898.14,0,18,0,5
899.14,0,49,0,5
900.15,0,65,0,5
901.15,0,88,0,5
902.15,0,18,0,5
903.15,0,74,0,5
904.15,0,2,0,5
905.15,0,83,0,5
906.15,0,9,0,5
907.15,0,50,0,5
908.15,0,18,0,5
909.16,0,65,0,5
910.16,0,31,0,5
911.16,0,83,0,5
912.16,0,71,0,5
913.16,0,75,0,5
914.16,0,35,0,5
915.16,0,23,0,5
916.16,0,88,0,5
917.16,0,34,0,5
918.16,0,10,0,5
919.17,0,84,0,5
920.17,0,13,0,5
921.17,0,16,0,5
922.17,0,21,0,5
923.17,0,4,0,5
924.17,0,74,0,5
925.17,0,57,0,5
926.17,0,20,0,5
927.17,0,38,0,5
928.17,0,30,0,5
929.17,0,30,0,5
930.18,0,23,0,5
931.18,0,69,0,5
932.18,0,57,0,5
933.18,0,94,0,5
934.18,0,13,0,5
935.18,0,75,0,5
936.18,0,78,0,5
937.18,0,8,0,5
938.18,0,20,0,5
939.19,0,88,0,5
940.19,0,58,0,5
941.19,0,7,0,5
942.19,0,81,0,5
943.19,0,39,0,5
944.19,0,52,0,5
945.19,0,71,0,5
946.19,0,72,0,5
947.19,0,19,0,5
948.19,0,100,0,5
949.2,0,64,0,5
950.2,0,18,0,5
951.2,0,4,0,5
952.2,0,2,0,5
953.2,0,91,0,5
954.2,0,93,0,5
955.2,0,1,0,5
956.2,0,80,0,5
957.2,0,99,0,5
958.2,0,37,0,5
959.21,0,29,0,5
960.21,0,85,0,5
961.21,0,74,0,5
962.21,0,13,0,5
963.21,0,34,0,5
964.21,0,89,0,5
965.21,0,63,0,5
966.21,0,33,0,5
967.21,0,83,0,5
968.22,0,1,0,5
969.22,0,89,0,5
970.22,0,95,0,5
971.22,0,2,0,5
972.22,0,68,0,5
973.22,0,5,0,5
974.22,0,44,0,5
975.22,0,25,0,5
976.22,0,66,0,5
977.22,0,35,0,5
978.22,0,90,0,5
979.23,0,38,0,5
980.23,0,42,0,5
981.23,0,64,0,5
982.23,0,23,0,5
983.23,0,5,0,5
984.23,0,42,0,5
985.23,0,28,0,5
986.23,0,35,0,5
987.23,0,74,0,5
988.24,1,0,0,5
989.24,0,15,0,5
990.24,0,83,0,5
991.24,0,52,0,5
992.24,0,89,0,5
993.24,0,41,0,5
994.24,0,70,0,5
995.24,0,49,0,5
996.24,0,60,0,5
997.25,0,81,0,5
998.25,0,81,0,5
999.25,0,50,0,5
1000.25,0,95,0,5
1001.25,0,30,0,5
1002.25,0,6,0,5
1003.25,0,27,0,5
1004.25,0,92,0,5
1005.25,0,94,0,5
1006.25,0,32,0,5
1007.25,0,34,0,5
1008.26,0,45,0,5
1009.26,0,98,0,5
1010.26,0,14,0,5
1011.26,0,81,0,5
1012.26,0,19,0,5
1013.26,0,74,0,5
1014.26,0,6,0,5
1015.26,0,54,0,5
1016.26,0,27,0,5
1017.26,0,100,0,5
1018.27,0,13,0,5
1019.27,0,41,0,5
1020.27,0,56,0,5
1021.27,0,4,0,5
1022.27,0,37,0,5
1023.27,0,82,0,5
1024.27,0,11,0,5
1025.27,0,47,0,5
1026.27,0,87,0,5
1027.27,0,82,0,5
1028.27,0,14,0,5
1029.28,0,27,0,5
1030.28,0,85,0,5
1031.28,0,53,0,5
1032.28,0,27,0,5
1033.28,0,7,0,5
1034.28,0,24,0,5
1035.28,0,66,0,5
1036.28,0,6,0,5
1037.28,0,21,0,5
1038.28,0,92,0,5
1039.29,0,46,0,5
1040.29,0,98,0,5
1041.29,0,89,0,5
1042.29,0,75,0,5
1043.29,0,26,0,5
1044.29,0,8,0,5
1045.29,0,79,0,5
1046.29,0,25,0,5
1047.29,0,48,0,5
1048.3,0,80,0,5
1049.3,0,53,0,5
1050.3,0,11,0,5
1051.3,0,8,0,5
1052.3,0,12,0,5
1053.3,0,63,0,5
1054.3,0,72,0,5
1055.3,0,84,0,5
1056.3,0,12,0,5
1057.3,0,1,0,5
1058.31,0,3,0,5
1059.31,0,81,0,5
1060.31,0,96,0,5
1061.31,0,54,0,5
1062.31,0,67,0,5
1063.31,0,22,0,5
1064.31,0,42,0,5
1065.31,0,22,0,5
1066.31,0,53,0,5
1067.31,0,20,0,5
1068.32,0,28,0,5
1069.32,0,46,0,5
1070.32,0,38,0,5
1071.32,0,99,0,5
1072.32,0,96,0,5
1073.32,0,97,0,5
1074.32,0,15,0,5
1075.32,0,45,0,5
1076.32,0,5,0,5
1077.32,1,0,0,5
1078.33,0,4,0,5
1079.33,0,71,0,5
1080.33,0,24,0,5
1081.33,0,55,0,5
1082.33,0,89,0,5
1083.33,0,63,0,5
1084.33,0,67,0,5
1085.33,0,8,0,5
1086.33,0,18,0,5
1087.33,0,71,0,5
1088.34,0,92,0,5
1089.34,0,93,0,5
1090.34,0,88,0,5
1091.34,0,78,0,5
1092.34,0,40,0,5
1093.34,0,92,0,5
1094.34,0,19,0,5
1095.34,0,17,0,5
1096.34,0,62,0,5
1097.34,0,40,0,5
1098.35,0,65,0,5
1099.35,0,17,0,5
1100.35,0,16,0,5
1101.35,0,83,0,5
1102.35,0,89,0,5
1103.35,0,96,0,5
1104.35,0,3,0,5
1105.35,0,24,0,5
1106.35,0,74,0,5
1107.35,0,12,0,5
1108.36,0,81,0,5
1109.36,0,59,0,5
1110.36,0,10,0,5
1111.36,0,1,0,5
1112.36,0,77,0,5
1113.36,0,50,0,5
1114.36,0,25,0,5
1115.36,0,39,0,5
1116.36,0,23,0,5
1117.37,0,64,0,5
1118.37,0,16,0,5
1119.37,0,30,0,5
1120.37,0,94,0,5
1121.37,0,71,0,5
1122.37,0,65,0,5
1123.37,0,46,0,5
1124.37,0,61,0,5
1125.37,0,75,0,5
1126.38,0,73,0,5
1127.38,0,69,0,5
1128.38,0,94,0,5
1129.38,0,7,0,5
1130.38,0,19,0,5
1131.38,0,91,0,5
1132.38,0,64,0,5
1133.38,0,64,0,5
1134.38,0,66,0,5
1135.39,0,26,0,5
1136.39,0,74,0,5
1137.39,0,100,0,5
1138.39,0,63,0,5
1139.39,0,5,0,5
1140.39,0,53,0,5
1141.39,0,82,0,5
1142.39,0,73,0,5
1143.39,0,50,0,5
1144.39,0,87,0,5
1145.39,0,79,0,5
1146.4,0,85,0,5
1147.4,0,34,0,5
1148.4,0,20,0,5
1149.4,0,82,0,5
1150.4,0,34,0,5
1151.4,0,36,0,5
1152.4,0,37,0,5
1153.4,0,33,0,5
1154.4,0,56,0,5
1155.4,0,26,0,5
1156.41,0,98,0,5
1157.41,0,79,0,5
1158.41,0,32,0,5
1159.41,0,7,0,5
1160.41,0,82,0,5
1161.41,0,19,0,5
1162.41,0,82,0,5
1163.41,0,31,0,5
1164.41,0,19,0,5
1165.42,0,83,0,5
1166.42,0,88,0,5
1167.42,0,95,0,5
1168.42,0,74,0,5
1169.42,0,8,0,5
1170.42,0,91,0,5
1171.42,0,16,0,5
1172.42,0,82,0,5
1173.42,0,58,0,5
1174.43,0,67,0,5
1175.43,0,29,0,5
1176.43,0,5,0,5
1177.43,0,72,0,5
1178.43,0,42,0,5
1179.43,0,50,0,5
1180.43,0,64,0,5
1181.43,0,30,0,5
1182.43,0,18,0,5
1183.43,0,31,0,5
1184.43,0,78,0,5
1185.43,0,51,0,5
1186.44,0,83,0,5
1187.44,0,71,0,5
1188.44,0,56,0,5
1189.44,0,90,0,5
1190.44,0,17,0,5
1191.44,0,62,0,5
1192.44,0,65,0,5
1193.44,0,5,0,5
1194.44,0,52,0,5
1195.44,0,38,0,5
1196.44,0,13,0,5
