1.381115818297343,-3.80168533810214,0.0,0.0,6.298491905328059e-05,0.99999999801645,6803
1.7087148253123228,-3.7572306766102295,0.0,0.0,-0.007765017600173179,0.9999698517963774,6805
2.190486753640685,-3.7146583267987925,0.0,0.0,-0.011376391251883654,0.9999352867671408,6806
2.6274774456717993,-3.6737862893887607,0.0,0.0,-0.013987055580876697,0.9999021763533558,6806
3.0249007918796744,-3.6664002670898888,0.0,0.0,-0.0157589661633417,0.9998758197823681,6807
3.4141786379521415,-3.675544475183972,0.0,0.0,-0.03496079487713435,0.9993886845574943,6808
3.8110698099288824,-3.7077716158891176,0.0,0.0,-0.051182784366881603,0.998689302328033,6810
4.205034548582353,-3.8498026693784193,0.0,0.0,-0.2093573595745952,0.9778391974102663,6811
4.60086072802485,-4.187742884824123,0.0,0.0,-0.3758342815969483,0.9266868903661613,6814
4.999977674325853,-4.581313234941447,0.0,0.0,-0.3420699858609103,0.9396744780896822,6815
5.402664522448592,-4.8733088818130526,0.0,0.0,-0.49847650547253586,0.866903208837001,6818
5.439099345016783,-4.902412207022674,0.0,0.0,-0.8562797181874995,0.5165123853507644,6822
5.500284940197056,-4.85070570238176,0.0,0.0,-0.9987046713535062,0.05088201466810573,6826
5.429663064603481,-4.690747370614596,0.0,0.0,0.8998860749677415,0.4361250417932366,6828
5.592201338080708,-4.4948091968470525,0.0,0.0,-0.9983085677175547,0.05813779856276443,6834
5.589350770988076,-4.566022935704768,0.0,0.0,-0.8503034211626543,0.5262927815950792,6839
5.591372216504584,-4.674006804176142,0.0,0.0,-0.4928091226310256,0.8701374423915103,6841
6.004340044911269,-4.983310015769815,0.0,0.0,-0.29584914166192494,0.9552346755525064,6843
6.419659021488272,-5.190782390434069,0.0,0.0,-0.15368718186520586,0.9881195525493518,6845
6.827850940902158,-5.304590798779001,0.0,0.0,-0.0869648971675783,0.9962113764962899,6846
6.844108535736808,-5.37960283070604,0.0,0.0,0.24994142403951022,0.9682609589098911,6850
6.665574458952076,-5.427789837129651,0.0,0.0,0.6939339391232366,0.7200386712760004,6851
6.588187789815822,-5.659416935923039,0.0,0.0,-0.911218839387311,0.4119225980031223,6852
