1,50,0,False,0
2,50,0,False,0
3,50,0,False,0
4,50,0,False,0
5,50,1,False,0
6,50,1,False,0
7,50,1,False,0
8,50,1,False,0
9,50,0,False,0
10,50,0,False,0
11,50,1,False,0
12,50,1,False,0
13,50,1,False,0
14,50,0,False,0
15,50,1,False,0
16,50,1,False,0
17,50,1,False,0
18,50,1,False,0
19,50,0,False,0
20,50,0,False,0
21,50,0,False,0
22,50,0,False,0
23,50,1,False,0
24,50,1,False,0
25,50,1,False,0
26,50,1,False,0
27,50,0,False,0
28,50,1,False,0
29,50,1,False,0
30,50,1,False,0
31,50,0,False,0
32,50,0,False,0
33,50,0,False,0
34,50,1,False,0
35,50,1,False,0
36,50,0,False,0
37,50,0,False,0
38,50,1,False,0
39,50,0,False,0
40,50,1,False,0
41,50,0,False,0
42,50,0,False,0
43,50,0,False,0
44,50,0,False,0
45,50,1,False,0
46,50,0,False,0
47,50,1,False,0
48,50,1,False,0
49,50,1,False,0
50,50,0,False,0
51,50,0,False,0
52,50,1,False,0
53,50,0,False,0
54,50,0,False,0
55,50,0,False,0
56,50,1,False,0
57,50,1,False,0
58,50,0,False,0
59,50,1,False,0
60,50,1,False,0
61,50,1,False,0
62,50,0,False,0
63,50,1,False,0
64,50,1,False,0
65,50,0,False,0
66,50,0,False,0
67,50,1,False,0
68,50,0,False,0
69,50,1,False,0
70,50,1,False,0
71,50,0,False,0
72,50,0,False,0
73,50,1,False,0
74,50,1,False,0
75,50,0,False,0
76,50,1,False,0
77,50,0,False,0
78,50,1,False,0
79,50,0,False,0
80,50,1,False,0
81,50,0,False,0
82,50,0,False,0
83,50,0,False,0
84,50,0,False,0
85,50,0,False,0
86,50,1,False,0
87,50,0,False,0
88,50,1,False,0
89,50,0,False,0
90,50,0,False,0
91,50,1,False,0
92,50,1,False,0
93,50,0,False,0
94,50,0,False,0
95,50,1,False,0
96,50,1,False,0
97,50,0,False,0
98,50,0,False,0
99,50,1,False,0
100,50,0,False,0
101,50,1,False,0
102,50,1,False,0
103,50,0,False,0
104,50,0,False,0
105,50,1,False,0
106,50,0,False,0
107,50,0,False,0
108,50,1,False,0
109,50,1,False,0
110,50,0,False,0
111,50,0,False,0
112,50,0,False,0
113,50,1,False,0
114,50,0,False,0
115,50,0,False,0
116,50,0,False,0
117,50,1,False,0
118,50,1,False,0
119,50,0,False,0
120,50,1,False,0
121,50,0,False,0
122,50,0,False,0
123,50,1,False,0
124,50,1,False,0
125,50,0,False,0
126,50,0,False,0
127,50,0,False,0
128,50,0,False,0
129,50,0,False,0
130,50,0,False,0
131,50,1,False,0
132,50,0,False,0
133,50,1,False,0
134,50,0,False,0
135,50,0,False,0
136,50,0,False,0
137,50,1,False,0
138,50,0,False,0
139,50,0,False,0
140,50,1,False,0
141,50,1,False,0
142,50,1,False,0
143,50,1,False,0
144,50,0,False,0
145,50,1,False,0
146,50,0,False,0
147,50,1,False,0
148,50,0,False,0
149,50,0,False,0
150,50,1,False,0
151,50,1,False,0
152,50,0,False,0
153,50,0,False,0
154,50,1,False,0
155,50,1,False,0
156,50,1,False,0
157,50,1,False,0
158,50,0,False,0
159,50,0,False,0
160,50,1,False,0
161,50,0,False,0
162,50,1,False,0
163,50,0,False,0
164,50,0,False,0
165,50,0,False,0
166,50,0,False,0
167,50,1,False,0
168,50,1,False,0
169,50,1,False,0
170,50,1,False,0
171,50,0,False,0
172,50,1,False,0
173,50,0,False,0
174,50,1,False,0
175,50,1,False,0
176,50,0,False,0
177,50,0,False,0
178,50,0,False,0
179,50,1,False,0
180,50,1,False,0
181,50,0,False,0
182,50,0,False,0
183,50,0,False,0
184,50,1,False,0
185,50,1,False,0
186,50,0,False,0
187,50,0,False,0
188,50,0,False,0
189,50,0,False,0
190,50,1,False,0
191,50,1,False,0
192,50,1,False,0
193,50,0,False,0
194,50,0,False,0
195,50,1,False,0
196,50,0,False,0
197,50,0,False,0
198,50,1,False,0
199,50,1,False,0
200,50,0,False,0
201,50,1,False,0
202,50,1,False,0
203,50,1,False,0
204,50,0,False,0
205,50,1,False,0
206,50,0,False,0
207,50,0,False,0
208,50,0,False,0
209,50,0,False,0
210,50,1,False,0
211,50,0,False,0
212,50,0,False,0
213,50,1,False,0
214,50,0,False,0
215,50,1,False,0
216,50,0,False,0
217,50,1,False,0
218,50,0,False,0
219,50,0,False,0
220,50,1,False,0
221,50,0,False,0
222,50,1,False,0
223,50,1,False,0
224,50,1,False,0
225,50,0,False,0
226,50,1,False,0
227,50,0,False,0
228,50,0,False,0
229,50,0,False,0
230,50,1,False,0
231,50,1,False,0
232,50,0,False,0
233,50,0,False,0
234,50,1,False,0
235,50,0,False,0
236,50,0,False,0
237,50,1,False,0
238,50,0,False,0
239,50,0,False,0
240,50,0,False,0
241,50,0,False,0
242,50,1,False,0
243,50,0,False,0
244,50,1,False,0
245,50,1,False,0
246,50,0,False,0
247,50,1,False,0
248,50,1,False,0
249,50,0,False,0
250,50,1,False,0
251,50,0,False,0
252,50,1,False,0
253,50,1,False,0
254,50,1,False,0
255,50,0,False,0
256,50,1,False,0
257,50,0,False,0
258,50,1,False,0
259,50,0,False,0
260,50,1,False,0
261,50,0,False,0
262,50,1,False,0
263,50,1,False,0
264,50,0,False,0
265,50,1,False,0
266,50,1,False,0
267,50,0,False,0
268,50,1,False,0
269,50,1,False,0
270,50,1,False,0
271,50,0,False,0
272,50,1,False,0
273,50,1,False,0
274,50,1,False,0
275,50,1,False,0
276,50,0,False,0
277,50,0,False,0
278,50,0,False,0
279,50,0,False,0
280,50,1,False,0
281,50,0,False,0
282,50,0,False,0
283,50,0,False,0
284,50,1,False,0
285,50,1,False,0
286,50,1,False,0
287,50,0,False,0
288,50,0,False,0
289,50,0,False,0
290,50,0,False,0
291,50,0,False,0
292,50,1,False,0
293,50,1,False,0
294,50,0,False,0
295,50,1,False,0
296,50,0,False,0
297,50,1,False,0
298,50,0,False,0
299,50,0,False,0
300,50,1,False,0
301,50,1,False,0
302,50,1,False,0
303,50,1,False,0
304,50,1,False,0
305,50,1,False,0
306,50,1,False,0
307,50,1,False,0
308,50,1,False,0
309,50,1,False,0
310,50,1,False,0
311,50,1,False,0
312,50,0,False,0
313,50,1,False,0
314,50,1,False,0
315,50,0,False,0
316,50,1,False,0
317,50,1,False,0
318,50,0,False,0
319,50,1,False,0
320,50,0,False,0
321,50,0,False,0
322,50,0,False,0
323,50,1,False,0
324,50,0,False,0
325,50,0,False,0
326,50,0,False,0
327,50,0,False,0
328,50,0,False,0
329,50,1,False,0
330,50,0,False,0
331,50,0,False,0
332,50,0,False,0
333,50,0,False,0
334,50,0,False,0
335,50,1,False,0
336,50,1,False,0
337,50,1,False,0
338,50,0,False,0
339,50,1,False,0
340,50,1,False,0
341,50,1,False,0
342,50,0,False,0
343,50,0,False,0
344,50,0,False,0
345,50,0,False,0
346,50,0,False,0
347,50,1,False,0
348,50,0,False,0
349,50,1,False,0
350,50,1,False,0
351,50,0,False,0
352,50,1,False,0
353,50,1,False,0
354,50,1,False,0
355,50,1,False,0
356,50,1,False,0
357,50,0,False,0
358,50,1,False,0
359,50,0,False,0
360,50,1,False,0
361,50,1,False,0
362,50,1,False,0
363,50,0,False,0
364,50,0,False,0
365,50,0,False,0
366,50,1,False,0
367,50,1,False,0
368,50,1,False,0
369,50,0,False,0
370,50,0,False,0
371,50,1,False,0
372,50,0,False,0
373,50,0,False,0
374,50,0,False,0
375,50,0,False,0
376,50,1,False,0
377,50,0,False,0
378,50,1,False,0
379,50,0,False,0
380,50,1,False,0
381,50,1,False,0
382,50,1,False,0
383,50,1,False,0
384,50,1,False,0
385,50,0,False,0
386,50,0,False,0
387,50,0,False,0
388,50,0,False,0
389,50,0,False,0
390,50,0,False,0
391,50,1,False,0
392,50,1,False,0
393,50,0,False,0
394,50,0,False,0
395,50,1,False,0
396,50,1,False,0
397,50,0,False,0
398,50,1,False,0
399,50,0,False,0
400,50,1,False,0
401,50,0,False,0
402,50,0,False,0
403,50,0,False,0
404,50,0,False,0
405,50,0,False,0
406,50,0,False,0
407,50,1,False,0
408,50,0,False,0
409,50,0,False,0
410,50,1,False,0
411,50,0,False,0
412,50,0,False,0
413,50,0,False,0
414,50,0,False,0
415,50,1,False,0
416,50,0,False,0
417,50,0,False,0
418,50,0,False,0
419,50,0,False,0
420,50,1,False,0
421,50,0,False,0
422,50,0,False,0
423,50,0,False,0
424,50,0,False,0
425,50,0,False,0
426,50,0,False,0
427,50,0,False,0
428,50,1,False,0
429,50,1,False,0
430,50,0,False,0
431,50,1,False,0
432,50,0,False,0
433,50,1,False,0
434,50,0,False,0
435,50,1,False,0
436,50,1,False,0
437,50,0,False,0
438,50,1,False,0
439,50,1,False,0
440,50,0,False,0
441,50,0,False,0
442,50,0,False,0
443,50,1,False,0
444,50,0,False,0
445,50,1,False,0
446,50,0,False,0
447,50,0,False,0
448,50,0,False,0
449,50,1,False,0
450,50,0,False,0
451,50,1,False,0
452,50,1,False,0
453,50,1,False,0
454,50,1,False,0
455,50,1,False,0
456,50,0,False,0
457,50,1,False,0
458,50,1,False,0
459,50,0,False,0
460,50,1,False,0
461,50,0,False,0
462,50,1,False,0
463,50,0,False,0
464,50,1,False,0
465,50,1,False,0
466,50,1,False,0
467,50,1,False,0
468,50,1,False,0
469,50,1,False,0
470,50,1,False,0
471,50,1,False,0
472,50,1,False,0
473,50,0,False,0
474,50,1,False,0
475,50,1,False,0
476,50,0,False,0
477,50,1,False,0
478,50,0,False,0
479,50,1,False,0
480,50,0,False,0
481,50,1,False,0
482,50,1,False,0
483,50,1,False,0
484,50,1,False,0
485,50,1,False,0
486,50,0,False,0
487,50,0,False,0
488,50,0,False,0
489,50,1,False,0
490,50,1,False,0
491,50,1,False,0
492,50,0,False,0
493,50,0,False,0
494,50,0,False,0
495,50,0,False,0
496,50,0,False,0
497,50,0,False,0
498,50,0,False,0
499,50,0,False,0
500,50,1,False,0
501,50,0,False,0
502,50,1,False,0
503,50,0,False,0
504,50,1,False,0
505,50,1,False,0
506,50,1,False,0
507,50,0,False,0
508,50,0,False,0
509,50,1,False,0
510,50,1,False,0
511,50,0,False,0
512,50,1,False,0
513,50,0,False,0
514,50,1,False,0
515,50,0,False,0
516,50,1,False,0
517,50,1,False,0
518,50,0,False,0
519,50,1,False,0
520,50,0,False,0
521,50,1,False,0
522,50,0,False,0
523,50,1,False,0
524,50,0,False,0
525,50,0,False,0
526,50,0,False,0
527,50,1,False,0
528,50,1,False,0
529,50,1,False,0
530,50,0,False,0
531,50,1,False,0
532,50,1,False,0
533,50,0,False,0
534,50,0,False,0
535,50,0,False,0
536,50,0,False,0
537,50,1,False,0
538,50,0,False,0
539,50,0,False,0
540,50,0,False,0
541,50,0,False,0
542,50,1,False,0
543,50,1,False,0
544,50,1,False,0
545,50,0,False,0
546,50,1,False,0
547,50,1,False,0
548,50,0,False,0
549,50,1,False,0
550,50,1,False,0
551,50,0,False,0
552,50,0,False,0
553,50,1,False,0
554,50,1,False,0
555,50,0,False,0
556,50,0,False,0
557,50,1,False,0
558,50,0,False,0
559,50,0,False,0
560,50,1,False,0
561,50,1,False,0
562,50,0,False,0
563,50,0,False,0
564,50,0,False,0
565,50,0,False,0
566,50,0,False,0
567,50,0,False,0
568,50,0,False,0
569,50,1,False,0
570,50,1,False,0
571,50,1,False,0
572,50,0,False,0
573,50,1,False,0
574,50,0,False,0
575,50,0,False,0
576,50,0,False,0
577,50,1,False,0
578,50,1,False,0
579,50,1,False,0
580,50,1,False,0
581,50,0,False,0
582,50,0,False,0
583,50,1,False,0
584,50,0,False,0
585,50,0,False,0
586,50,0,False,0
587,50,0,False,0
588,50,0,False,0
589,50,1,False,0
590,50,0,False,0
591,50,0,False,0
592,50,0,False,0
593,50,0,False,0
594,50,1,False,0
595,50,0,False,0
596,50,0,False,0
597,50,0,False,0
598,50,0,False,0
599,50,0,False,0
600,50,1,False,0
601,50,1,False,0
602,50,1,False,0
603,50,0,False,0
604,50,1,False,0
605,50,1,False,0
606,50,1,False,0
607,50,0,False,0
608,50,0,False,0
609,50,1,False,0
610,50,0,False,0
611,50,1,False,0
612,50,0,False,0
613,50,0,False,0
614,50,1,False,0
615,50,1,False,0
616,50,1,False,0
617,50,0,False,0
618,50,0,False,0
619,50,1,False,0
620,50,0,False,0
621,50,1,False,0
622,50,1,False,0
623,50,0,False,0
624,50,0,False,0
625,50,1,False,0
626,50,1,False,0
627,50,1,False,0
628,50,0,False,0
629,50,1,False,0
630,50,1,False,0
631,50,1,False,0
632,50,1,False,0
633,50,1,False,0
634,50,0,False,0
635,50,1,False,0
636,50,1,False,0
637,50,0,False,0
638,50,0,False,0
639,50,1,False,0
640,50,1,False,0
641,50,1,False,0
642,50,0,False,0
643,50,0,False,0
644,50,0,False,0
645,50,1,False,0
646,50,0,False,0
647,50,1,False,0
648,50,0,False,0
649,50,0,False,0
650,50,0,False,0
651,50,1,False,0
652,50,1,False,0
653,50,1,False,0
654,50,0,False,0
655,50,0,False,0
656,50,1,False,0
657,50,1,False,0
658,50,0,False,0
659,50,1,False,0
660,50,0,False,0
661,50,0,False,0
662,50,0,False,0
663,50,1,False,0
664,50,0,False,0
665,50,1,False,0
666,50,1,False,0
667,50,1,False,0
668,50,0,False,0
669,50,0,False,0
670,50,1,False,0
671,50,1,False,0
672,50,0,False,0
673,50,1,False,0
674,50,0,False,0
675,50,0,False,0
676,50,1,False,0
677,50,1,False,0
678,50,1,False,0
679,50,0,False,0
680,50,1,False,0
681,50,0,False,0
682,50,0,False,0
683,50,1,False,0
684,50,0,False,0
685,50,0,False,0
686,50,1,False,0
687,50,1,False,0
688,50,1,False,0
689,50,0,False,0
690,50,0,False,0
691,50,0,False,0
692,50,0,False,0
693,50,1,False,0
694,50,1,False,0
695,50,1,False,0
696,50,0,False,0
697,50,1,False,0
698,50,0,False,0
699,50,1,False,0
700,50,1,False,0
701,50,1,False,0
702,50,0,False,0
703,50,1,False,0
704,50,1,False,0
705,50,1,False,0
706,50,1,False,0
707,50,1,False,0
708,50,0,False,0
709,50,0,False,0
710,50,1,False,0
711,50,0,False,0
712,50,0,False,0
713,50,0,False,0
714,50,0,False,0
715,50,0,False,0
716,50,0,False,0
717,50,0,False,0
718,50,1,False,0
719,50,0,False,0
720,50,1,False,0
721,50,0,False,0
722,50,1,False,0
723,50,1,False,0
724,50,1,False,0
725,50,1,False,0
726,50,0,False,0
727,50,1,False,0
728,50,1,False,0
729,50,1,False,0
730,50,1,False,0
731,50,1,False,0
732,50,0,False,0
733,50,1,False,0
734,50,0,False,0
735,50,0,False,0
736,50,1,False,0
737,50,1,False,0
738,50,1,False,0
739,50,1,False,0
740,50,0,False,0
741,50,1,False,0
742,50,0,False,0
743,50,0,False,0
744,50,0,False,0
745,50,0,False,0
746,50,0,False,0
747,50,1,False,0
748,50,0,False,0
749,50,1,False,0
750,50,1,False,0
751,50,1,False,0
752,50,0,False,0
753,50,0,False,0
754,50,0,False,0
755,50,1,False,0
756,50,0,False,0
757,50,1,False,0
758,50,0,False,0
759,50,0,False,0
760,50,1,False,0
761,50,1,False,0
762,50,0,False,0
763,50,0,False,0
764,50,0,False,0
765,50,0,False,0
766,50,0,False,0
767,50,1,False,0
768,50,0,False,0
769,50,0,False,0
770,50,1,False,0
771,50,0,False,0
772,50,0,False,0
773,50,1,False,0
774,50,1,False,0
775,50,0,False,0
776,50,0,False,0
777,50,0,False,0
778,50,1,False,0
779,50,0,False,0
780,50,1,False,0
781,50,1,False,0
782,50,0,False,0
783,50,0,False,0
784,50,0,False,0
785,50,0,False,0
786,50,0,False,0
787,50,0,False,0
788,50,1,False,0
789,50,1,False,0
790,50,1,False,0
791,50,0,False,0
792,50,0,False,0
793,50,0,False,0
794,50,0,False,0
795,50,1,False,0
796,50,0,False,0
797,50,0,False,0
798,50,0,False,0
799,50,0,False,0
800,50,0,False,0
801,50,1,False,0
802,50,0,False,0
803,50,1,False,0
804,50,1,False,0
805,50,0,False,0
806,50,0,False,0
807,50,0,False,0
808,50,0,False,0
809,50,1,False,0
810,50,0,False,0
811,50,1,False,0
812,50,1,False,0
813,50,1,False,0
814,50,1,False,0
815,50,0,False,0
816,50,0,False,0
817,50,0,False,0
818,50,1,False,0
819,50,0,False,0
820,50,0,False,0
821,50,1,False,0
822,50,1,False,0
823,50,1,False,0
824,50,1,False,0
825,50,1,False,0
826,50,1,False,0
827,50,0,False,0
828,50,0,False,0
829,50,1,False,0
830,50,0,False,0
831,50,0,False,0
832,50,1,False,0
833,50,0,False,0
834,50,0,False,0
835,50,1,False,0
836,50,1,False,0
837,50,1,False,0
838,50,0,False,0
839,50,1,False,0
840,50,1,False,0
841,50,0,False,0
842,50,0,False,0
843,50,0,False,0
844,50,0,False,0
845,50,1,False,0
846,50,1,False,0
847,50,0,False,0
848,50,1,False,0
849,50,0,False,0
850,50,1,False,0
851,50,1,False,0
852,50,1,False,0
853,50,0,False,0
854,50,1,False,0
855,50,1,False,0
856,50,1,False,0
857,50,1,False,0
858,50,0,False,0
859,50,1,False,0
860,50,1,False,0
861,50,0,False,0
862,50,0,False,0
863,50,1,False,0
864,50,1,False,0
865,50,0,False,0
866,50,1,False,0
867,50,0,False,0
868,50,1,False,0
869,50,1,False,0
870,50,0,False,0
871,50,1,False,0
872,50,1,False,0
873,50,0,False,0
874,50,1,False,0
875,50,1,False,0
876,50,1,False,0
877,50,0,False,0
878,50,0,False,0
879,50,1,False,0
880,50,1,False,0
881,50,0,False,0
882,50,0,False,0
883,50,0,False,0
884,50,0,False,0
885,50,1,False,0
886,50,1,False,0
887,50,0,False,0
888,50,0,False,0
889,50,1,False,0
890,50,1,False,0
891,50,1,False,0
892,50,0,False,0
893,50,0,False,0
894,50,0,False,0
895,50,1,False,0
896,50,0,False,0
897,50,1,False,0
898,50,0,False,0
899,50,1,False,0
900,50,0,False,0
901,50,1,False,0
902,50,1,False,0
903,50,0,False,0
904,50,1,False,0
905,50,0,False,0
906,50,1,False,0
